{
  "collapse-filter": false,
  "search": "",
  "showTags": false,
  "showAttachments": false,
  "hideUnresolved": false,
  "showOrphans": true,
  "collapse-color-groups": false,
  "colorGroups": [
    {
      "query": "tag:#📓  ",
      "color": {
        "a": 1,
        "rgb": 0
      }
    },
    {
      "query": "tag:#🖥️  ",
      "color": {
        "a": 1,
        "rgb": 14069084
      }
    },
    {
      "query": "tag:#🗺️  ",
      "color": {
        "a": 1,
        "rgb": 11392604
      }
    }
  ],
  "collapse-display": false,
  "showArrow": true,
  "textFadeMultiplier": 0,
  "nodeSizeMultiplier": 1,
  "lineSizeMultiplier": 2.00130208333333,
  "collapse-forces": false,
  "centerStrength": 0.268229166666667,
  "repelStrength": 9.32291666666667,
  "linkStrength": 1,
  "linkDistance": 250,
  "scale": 0.3628873693012218,
  "close": false
}