{
  "main": {
    "id": "9a18220fde3306ce",
    "type": "split",
    "children": [
      {
        "id": "2451a8205b20d99a",
        "type": "tabs",
        "children": [
          {
            "id": "f91f591c76e36bb9",
            "type": "leaf",
            "state": {
              "type": "markdown",
              "state": {
                "file": "2024-06-19.md",
                "mode": "source",
                "source": false
              }
            }
          }
        ]
      }
    ],
    "direction": "vertical"
  },
  "left": {
    "id": "0c6c269c63088a5d",
    "type": "split",
    "children": [
      {
        "id": "7a94ea1f8f279f05",
        "type": "tabs",
        "children": [
          {
            "id": "aae7c4d5e949471d",
            "type": "leaf",
            "state": {
              "type": "file-explorer",
              "state": {
                "sortOrder": "alphabetical"
              }
            }
          },
          {
            "id": "1e7b2da83ba69497",
            "type": "leaf",
            "state": {
              "type": "search",
              "state": {
                "query": "",
                "matchingCase": false,
                "explainSearch": false,
                "collapseAll": false,
                "extraContext": false,
                "sortOrder": "alphabetical"
              }
            }
          },
          {
            "id": "f7e1bac44251e940",
            "type": "leaf",
            "state": {
              "type": "bookmarks",
              "state": {}
            }
          }
        ]
      }
    ],
    "direction": "horizontal",
    "width": 205.5
  },
  "right": {
    "id": "7f68456015b27495",
    "type": "split",
    "children": [
      {
        "id": "e6a6c7b6086dca37",
        "type": "tabs",
        "children": [
          {
            "id": "18a306838bfdc70a",
            "type": "leaf",
            "state": {
              "type": "backlink",
              "state": {
                "file": "2024-06-19.md",
                "collapseAll": true,
                "extraContext": false,
                "sortOrder": "byModifiedTime",
                "showSearch": false,
                "searchQuery": "",
                "backlinkCollapsed": false,
                "unlinkedCollapsed": false
              }
            }
          },
          {
            "id": "bee6615690275d9a",
            "type": "leaf",
            "state": {
              "type": "outgoing-link",
              "state": {
                "file": "2024-06-19.md",
                "linksCollapsed": false,
                "unlinkedCollapsed": true
              }
            }
          },
          {
            "id": "31e766d6abb64428",
            "type": "leaf",
            "state": {
              "type": "tag",
              "state": {
                "sortOrder": "frequency",
                "useHierarchy": true
              }
            }
          },
          {
            "id": "3659c9faf22a5202",
            "type": "leaf",
            "state": {
              "type": "outline",
              "state": {
                "file": "2024-06-19.md"
              }
            }
          }
        ]
      }
    ],
    "direction": "horizontal",
    "width": 313.5
  },
  "left-ribbon": {
    "hiddenItems": {
      "daily-notes:Open today's daily note": false,
      "graph:Open graph view": false,
      "switcher:Open quick switcher": false,
      "canvas:Create new canvas": false,
      "templates:Insert template": false,
      "command-palette:Open command palette": false
    }
  },
  "active": "f91f591c76e36bb9",
  "lastOpenFiles": [
    "2024-06-18.md",
    "2024-06-19.md",
    "Meditations on First Philosophy.md",
    "Research.md",
    "Being and Time.md",
    "Critique of Pure Reason.md",
    "Illusory truth effect.md",
    "Marketing.md",
    "Cybersecurity.md",
    "Media/Daily/2024-06-17.md",
    "Media/Daily/2024-06-15.md",
    "Media/Daily/2024-06-16.md",
    "I don't know.md",
    "Emergence.md",
    "Phenomenology.md",
    "Media/Daily/2024-06-07.md",
    "Media/Daily/2024-06-12.md",
    "Untitled.md",
    "Attention.md",
    "Media/Daily/2024-06-14.md",
    "Media/Daily/2024-05-29.md",
    "Electricity.md",
    "Carbohydrate.md",
    "Monosaccharide.md",
    "Polysaccharide.md",
    "Language.md",
    "Media/Daily",
    "Untitled.canvas",
    "Pasted image 20240528182204.png",
    "Media",
    "Notes",
    "Research Papers"
  ]
}